marca_tiempo,numero_id,evento,cant_a_adivinar,usuario,estado,respuesta,nivel
9f87d477-9fa7-461f-b100-2548865193bc,1655315719.5591338
b967c202-5971-46e6-a458-9bb0d3cca65b,1655315732.7503393
38bc35c0-434e-478d-88a1-40cc972fd31b,1655315752.2296195
b0e4fba9-4083-4392-9b28-020b9b52cf9f,1655315766.4377997
